46.11.82.182, Mon  6 Nov 13:05:22 CET 2017
46.11.82.182, Mon  6 Nov 11:04:14 CET 2017
46.11.82.182, Mon  6 Nov 11:04:17 CET 2017
46.11.82.182, Mon  6 Nov 11:18:48 CET 2017
46.11.82.182, Mon  6 Nov 11:18:54 CET 2017
46.11.82.182, Mon  6 Nov 11:24:57 CET 2017
46.11.82.182, Mon  6 Nov 11:32:28 CET 2017
46.11.82.182, Mon  6 Nov 12:54:27 CET 2017
46.11.82.182, Mon  6 Nov 12:54:37 CET 2017
46.11.82.182, Mon  6 Nov 12:56:20 CET 2017
46.11.82.182, Mon  6 Nov 13:03:32 CET 2017
46.11.82.182, Mon  6 Nov 13:05:22 CET 2017
195.158.70.38, Wed Nov  8 09:40:03 CET 2017
195.158.70.38, Wed Nov  8 09:40:21 CET 2017
195.158.70.38, Wed Nov  8 09:40:42 CET 2017
195.158.70.38, Wed Nov  8 09:41:11 CET 2017
195.158.70.38, Wed Nov  8 12:16:16 CET 2017
195.158.70.38, Wed Nov  8 12:17:23 CET 2017
195.158.70.38, Wed Nov  8 12:18:06 CET 2017
195.158.70.38, Wed Nov  8 12:19:02 CET 2017
195.158.70.38, Wed Nov  8 12:19:58 CET 2017
